<?xml version="1.0" encoding="UTF-8"?>
<beans xmlns="http://www.springframework.org/schema/beans"
	xmlns:xsi="http://www.w3.org/2001/XMLSchema-instance" xmlns:aop="http://www.springframework.org/schema/aop"
	xmlns:context="http://www.springframework.org/schema/context"
	xmlns:jee="http://www.springframework.org/schema/jee" xmlns:jms="http://www.springframework.org/schema/jms"
	xmlns:lang="http://www.springframework.org/schema/lang" xmlns:tx="http://www.springframework.org/schema/tx"
	xmlns:util="http://www.springframework.org/schema/util"
	xsi:schemaLocation="http://www.springframework.org/schema/aop 
	    http://www.springframework.org/schema/aop/spring-aop-3.1.xsd
	    http://www.springframework.org/schema/beans
        http://www.springframework.org/schema/beans/spring-beans-3.1.xsd
        http://www.springframework.org/schema/context 
        http://www.springframework.org/schema/context/spring-context-3.1.xsd
        http://www.springframework.org/schema/jee 
        http://www.springframework.org/schema/jee/spring-jee-3.1.xsd
        http://www.springframework.org/schema/lang 
        http://www.springframework.org/schema/lang/spring-lang-3.1.xsd
        http://www.springframework.org/schema/tx 
        http://www.springframework.org/schema/tx/spring-tx-3.1.xsd
        http://www.springframework.org/schema/util 
        http://www.springframework.org/schema/util/spring-util-3.1.xsd">

	<context:component-scan base-package="com.oaktreeair.ffprogram" />
	<bean name="contact01" class="com.oaktreeair.ffprogram.ContactInfo">
		<constructor-arg name="emailAddress" value="abc@gmail.com"></constructor-arg>
		<constructor-arg name="homePhone" value="3173173171"></constructor-arg>
		<constructor-arg name="mobilePhone" value="3173173171"></constructor-arg>
		<constructor-arg name="smsNumber" value="1234"></constructor-arg>
	</bean>
</beans> 