<?xml version="1.0" encoding="UTF-8"?>
<beans xmlns="http://www.springframework.org/schema/beans"
	xmlns:xsi="http://www.w3.org/2001/XMLSchema-instance" xmlns:aop="http://www.springframework.org/schema/aop"
	xmlns:context="http://www.springframework.org/schema/context"
	xmlns:jee="http://www.springframework.org/schema/jee" xmlns:jms="http://www.springframework.org/schema/jms"
	xmlns:lang="http://www.springframework.org/schema/lang" xmlns:tx="http://www.springframework.org/schema/tx"
	xmlns:util="http://www.springframework.org/schema/util"
	xsi:schemaLocation="http://www.springframework.org/schema/aop 
	    http://www.springframework.org/schema/aop/spring-aop-3.1.xsd
	    http://www.springframework.org/schema/beans
        http://www.springframework.org/schema/beans/spring-beans-3.1.xsd
        http://www.springframework.org/schema/context 
        http://www.springframework.org/schema/context/spring-context-3.1.xsd
        http://www.springframework.org/schema/jee 
        http://www.springframework.org/schema/jee/spring-jee-3.1.xsd
        http://www.springframework.org/schema/lang 
        http://www.springframework.org/schema/lang/spring-lang-3.1.xsd
        http://www.springframework.org/schema/tx 
        http://www.springframework.org/schema/tx/spring-tx-3.1.xsd
        http://www.springframework.org/schema/util 
        http://www.springframework.org/schema/util/spring-util-3.1.xsd">

	<context:component-scan base-package="com.oaktreeair.ffprogram" />
	<bean class="org.springframework.beans.factory.annotation.RequiredAnnotationBeanPostProcessor" />
	<bean id="customDateEditor"
		class="org.springframework.beans.propertyeditors.CustomDateEditor">
		<constructor-arg>
			<bean class="java.text.SimpleDateFormat">
				<constructor-arg value="yyyy-MM-dd" />
			</bean>
		</constructor-arg>
		<constructor-arg value="true" />
	</bean>
	<bean class="org.springframework.beans.factory.config.CustomEditorConfigurer">
		<property name="customEditors">
			<map>
				<entry key="java.util.Date">
					<ref local="customDateEditor" />
				</entry>
			</map>
		</property>
	</bean>
	<bean name="seg01" class="com.oaktreeair.ffprogram.Segment">
		<property name="segmentNumber" value="1"></property>
		<property name="segmentDate" value="2010-10-01">
		</property>
		<property name="flightNumber" value="1234"></property>
		<property name="originatingCity" value="ORD"></property>
		<property name="miles" value="1000"></property>
	</bean>
	<!-- <bean name="contact01" class="com.oaktreeair.ffprogram.ContactInfo">
		<property name="emailAddress" value="abc@gmail.com"></property>
		<property name="homePhone" value="3173173171"></property>
		<property name="mobilePhone" value="3173173171"></property>
		<property name="smsNumber" value="1234"></property>
	</bean> -->
	
	<bean name="flier01" class="com.oaktreeair.ffprogram.Flier">
		<property name="flierName" value="Sam Smith"></property>
		<property name="flierID" value="1234"></property>
		<property name="contactInfo" ref="contact01"></property>
		<property name="homeAddress" ref="addrInfo01"></property>
		<property name="Level" value="Member"></property>
		<property name="segments">
			<list value-type="com.oaktreeair.ffprogram.Segment">
			</list>
		</property>
	</bean>

	<bean name="addrInfo01" class="com.oaktreeair.ffprogram.AddressInfo">
		<property name="street" value="3800 W Golf Rd"></property>
		<property name="city" value="Rolling Meadows"></property>
		<property name="state" value="Illinois"></property>
		<property name="zip" value="60008"></property>
		<property name="country" value="USA"></property>
	</bean>
	<bean name="calcBonus" class="com.oaktreeair.ffprogram.BonusCalcImpl">
	</bean>
</beans> 