<?xml version="1.0" encoding="UTF-8"?>
<beans xmlns="http://www.springframework.org/schema/beans"
    xmlns:xsi="http://www.w3.org/2001/XMLSchema-instance"
    xsi:schemaLocation="http://www.springframework.org/schema/beans
        http://www.springframework.org/schema/beans/spring-beans-2.0.xsd">
        
   <bean id="advisor1" class="university.Advisor"/>        
        
   <bean id="student0" class="university.Student">
     <property name="name" value="Harry"/>
     <property name="id" value="77"/>
     <property name="gpa" value="3.14"/>
     <property name="theAdvisor" ref="advisor1"/>
   </bean>        
                 
   <bean id="student1" class="university.Student">
     <constructor-arg value="Joe"/>
     <constructor-arg ref="advisor1"/>
   </bean>        
        
   <bean id="student2" class="university.Student">
     <constructor-arg ref="advisor1"/>
     <constructor-arg value="Sue"/>
   </bean>        
   
   <bean id="student3" class="university.Student">
     <constructor-arg value="12"/>
     <constructor-arg value="3.33"/>
   </bean>
   
   <bean id="student4" class="university.Student">
     <constructor-arg value="3.33" index="1"/>
     <constructor-arg value="12" index="0"/>
   </bean>
   
   <bean id="student5" class="university.Student">
     <constructor-arg value="3.33" index="1"/>
     <constructor-arg value="12" index="0"/>
     <property name="name" value="George"/>
     <property name="theAdvisor" ref="advisor1">
     </property>
   </bean>
</beans>
