<?xml version="1.0" encoding="UTF-8"?>
<beans xmlns="http://www.springframework.org/schema/beans"
    xmlns:xsi="http://www.w3.org/2001/XMLSchema-instance"
    xmlns:jee="http://www.springframework.org/schema/jee"
    xmlns:aop="http://www.springframework.org/schema/aop"
    xmlns:tx="http://www.springframework.org/schema/tx"
    xsi:schemaLocation="http://www.springframework.org/schema/beans 
        http://www.springframework.org/schema/beans/spring-beans-2.5.xsd 
        http://www.springframework.org/schema/aop
        http://www.springframework.org/schema/aop/spring-aop-2.5.xsd
        http://www.springframework.org/schema/tx
        http://www.springframework.org/schema/tx/spring-tx-2.5.xsd
        http://www.springframework.org/schema/jee 
        http://www.springframework.org/schema/jee/spring-jee-2.5.xsd">
        
    <tx:annotation-driven transaction-manager="transactionManager" />

    <jee:jndi-lookup id="acctDataSource" jndi-name="accountDS"
        resource-ref="true" />
        
    <bean id="transactionManager" 
      class="org.springframework.transaction.jta.JtaTransactionManager" />  
    
    <bean id="accountDAO" class="acct.JdbcAccountDAO">
        <property name="dataSource" ref="acctDataSource" />
    </bean>
    <bean id="accountMgr" class="acct.AccountManagerImpl">
        <property name="accountDAO" ref="accountDAO" />
    </bean>
</beans>
